HGT1013455.wav	0.066879
HGT1027213.wav	0.810521
HGT1029437.wav	0.084731
HGT1046947.wav	0.864893
HGT1048546.wav	0.096448
HGT1059546.wav	0.075323
HGT1065837.wav	0.088311
HGT1074926.wav	0.865379
HGT1076008.wav	0.864323
HGT1076625.wav	0.085959
HGT1078475.wav	0.096852
HGT1078865.wav	0.067716
HGT1079053.wav	0.095781
HGT1080435.wav	0.089610
HGT1087600.wav	0.080387
HGT1095703.wav	0.073516
HGT1095881.wav	0.081447
HGT1101887.wav	0.094852
HGT1108394.wav	0.080085
HGT1112031.wav	0.084947
HGT1119749.wav	0.864718
HGT1135324.wav	0.085439
HGT1150418.wav	0.863929
HGT1156575.wav	0.074487
HGT1160303.wav	0.292546
HGT1162530.wav	0.072441
HGT1167935.wav	0.089419
HGT1171242.wav	0.078707
HGT1175953.wav	0.082874
HGT1177373.wav	0.082670
HGT1180125.wav	0.865007
HGT1196573.wav	0.108261
HGT1206946.wav	0.089292
HGT1211283.wav	0.101454
HGT1217313.wav	0.119580
HGT1221277.wav	0.865013
HGT1231371.wav	0.079163
HGT1231663.wav	0.863967
HGT1247495.wav	0.085861
HGT1250967.wav	0.102002
HGT1252382.wav	0.106615
HGT1267631.wav	0.078733
HGT1273281.wav	0.085896
HGT1277167.wav	0.071266
HGT1286435.wav	0.094265
HGT1295273.wav	0.109619
HGT1298217.wav	0.084298
HGT1302610.wav	0.091370
HGT1310023.wav	0.864902
HGT1312950.wav	0.864884
HGT1322477.wav	0.081931
HGT1323375.wav	0.865179
HGT1326973.wav	0.079920
HGT1341712.wav	0.111521
HGT1346317.wav	0.082241
HGT1355175.wav	0.069728
HGT1356500.wav	0.119613
HGT1361375.wav	0.110049
HGT1367237.wav	0.108970
HGT1378565.wav	0.864604
HGT1423683.wav	0.094673
HGT1425064.wav	0.864882
HGT1426588.wav	0.865135
HGT1427045.wav	0.081507
HGT1428082.wav	0.102787
HGT1432483.wav	0.864098
HGT1434611.wav	0.864455
HGT1436404.wav	0.091730
HGT1441410.wav	0.075258
HGT1442378.wav	0.093224
HGT1444231.wav	0.084362
HGT1446333.wav	0.853911
HGT1447073.wav	0.074262
HGT1449929.wav	0.091021
HGT1457035.wav	0.100087
HGT1457930.wav	0.088556
HGT1460292.wav	0.864391
HGT1462625.wav	0.096231
HGT1467190.wav	0.072979
HGT1474298.wav	0.105341
HGT1483864.wav	0.095526
HGT1495754.wav	0.864868
HGT1502001.wav	0.103275
HGT1502491.wav	0.866122
HGT1503106.wav	0.079602
HGT1504572.wav	0.075707
HGT1510590.wav	0.101032
HGT1513611.wav	0.080595
HGT1519682.wav	0.141302
HGT1526494.wav	0.114437
HGT1527864.wav	0.079645
HGT1529577.wav	0.865216
HGT1538647.wav	0.084523
HGT1548780.wav	0.077079
HGT1551403.wav	0.102988
HGT1556522.wav	0.122591
HGT1557957.wav	0.864481
HGT1560269.wav	0.087626
HGT1563003.wav	0.081026
HGT1569066.wav	0.099903
HGT1573843.wav	0.864391
HGT1577598.wav	0.116242
HGT1585939.wav	0.097260
HGT1589323.wav	0.838189
HGT1597760.wav	0.089822
HGT1599335.wav	0.865779
HGT1599525.wav	0.864132
HGT1601027.wav	0.864172
HGT1607363.wav	0.095853
HGT1609843.wav	0.075063
HGT1617927.wav	0.083436
HGT1619235.wav	0.191854
HGT1622407.wav	0.088889
HGT1624324.wav	0.096994
HGT1629692.wav	0.864372
HGT1630688.wav	0.866031
HGT1632484.wav	0.095969
HGT1632867.wav	0.865325
HGT1634559.wav	0.864483
HGT1641684.wav	0.084417
HGT1641894.wav	0.069685
HGT1645820.wav	0.122076
HGT1649852.wav	0.864465
HGT1650050.wav	0.863977
HGT1666092.wav	0.084978
HGT1671489.wav	0.862976
HGT1672742.wav	0.171300
HGT1674660.wav	0.082803
HGT1681460.wav	0.106853
HGT1685218.wav	0.076209
HGT1693264.wav	0.096712
HGT1695757.wav	0.093874
HGT1696763.wav	0.080796
HGT1701234.wav	0.170918
HGT1713163.wav	0.098260
HGT1713250.wav	0.084992
HGT1716390.wav	0.248228
HGT1719913.wav	0.080991
HGT1722012.wav	0.080426
HGT1733690.wav	0.072406
HGT1739846.wav	0.857908
HGT1743182.wav	0.863841
HGT1751352.wav	0.864570
HGT1753209.wav	0.071046
HGT1756043.wav	0.277918
HGT1760496.wav	0.082218
HGT1763816.wav	0.138894
HGT1764979.wav	0.081273
HGT1765737.wav	0.091298
HGT1767679.wav	0.099990
HGT1769378.wav	0.084606
HGT1774903.wav	0.865037
HGT1777689.wav	0.862639
HGT1782014.wav	0.182836
HGT1783554.wav	0.864735
HGT1792528.wav	0.864476
HGT1792743.wav	0.086674
HGT1794158.wav	0.107154
HGT1798189.wav	0.094292
HGT1804611.wav	0.117938
HGT1809920.wav	0.863896
HGT1813886.wav	0.082748
HGT1817253.wav	0.095174
HGT1821825.wav	0.134043
HGT1824308.wav	0.864412
HGT1831431.wav	0.860350
HGT1839606.wav	0.126072
HGT1854846.wav	0.072149
HGT1856122.wav	0.089815
HGT1856760.wav	0.103810
HGT1859948.wav	0.866006
HGT1866266.wav	0.866447
HGT1876795.wav	0.098371
HGT1878710.wav	0.101231
HGT1879733.wav	0.864773
HGT1880318.wav	0.120562
HGT1896212.wav	0.099096
HGT1897799.wav	0.128858
HGT1898131.wav	0.075640
HGT1900652.wav	0.097613
HGT1905886.wav	0.090465
HGT1909825.wav	0.126940
HGT1914656.wav	0.095739
HGT1921574.wav	0.122475
HGT1925841.wav	0.079628
HGT1925947.wav	0.087311
HGT1941640.wav	0.085134
HGT1949933.wav	0.119735
HGT1956439.wav	0.096615
HGT1961562.wav	0.863940
HGT1972671.wav	0.863795
HGT1980973.wav	0.098693
HGT1989714.wav	0.124366
HGT2016856.wav	0.863914
HGT2019835.wav	0.865386
HGT2021979.wav	0.069413
HGT2024949.wav	0.863672
HGT2026574.wav	0.077312
HGT2029371.wav	0.086992
HGT2034442.wav	0.864507
HGT2037767.wav	0.132890
HGT2039810.wav	0.084209
HGT2048554.wav	0.073112
HGT2063125.wav	0.081577
HGT2063344.wav	0.073095
HGT2065361.wav	0.829699
HGT2069284.wav	0.317505
HGT2075355.wav	0.864433
HGT2078217.wav	0.130126
HGT2080120.wav	0.864686
HGT2083258.wav	0.865356
HGT2088600.wav	0.078603
HGT2092715.wav	0.865802
HGT2096248.wav	0.864980
HGT2103367.wav	0.864648
HGT2112526.wav	0.116496
HGT2113525.wav	0.091869
HGT2121335.wav	0.113067
HGT2140143.wav	0.161321
HGT2140666.wav	0.086442
HGT2143491.wav	0.073264
HGT2144695.wav	0.864248
HGT2144894.wav	0.077442
HGT2152686.wav	0.088150
HGT2154657.wav	0.082044
HGT2157958.wav	0.083063
HGT2159785.wav	0.092690
HGT2163380.wav	0.073031
HGT2166825.wav	0.288713
HGT2172020.wav	0.179519
HGT2174268.wav	0.862437
HGT2186886.wav	0.098501
HGT2195776.wav	0.074485
HGT2209272.wav	0.098500
HGT2211666.wav	0.079975
HGT2213726.wav	0.112092
HGT2234114.wav	0.096565
HGT2234601.wav	0.088641
HGT2244643.wav	0.079180
HGT2249418.wav	0.111455
HGT2255927.wav	0.865190
HGT2256950.wav	0.151842
HGT2257842.wav	0.864810
HGT2271892.wav	0.122620
HGT2272542.wav	0.076180
HGT2278503.wav	0.864726
HGT2278539.wav	0.082512
HGT2293248.wav	0.089598
HGT2297609.wav	0.072014
HGT2298188.wav	0.122157
HGT2300097.wav	0.081541
HGT2305393.wav	0.198575
HGT2316989.wav	0.864885
HGT2319226.wav	0.863527
HGT2320020.wav	0.100659
HGT2329466.wav	0.089499
HGT2335065.wav	0.081173
HGT2345767.wav	0.079118
HGT2348845.wav	0.075978
HGT2353440.wav	0.190085
HGT2357164.wav	0.092131
HGT2360253.wav	0.095634
HGT2360850.wav	0.864437
HGT2367488.wav	0.864448
HGT2368188.wav	0.079185
HGT2375292.wav	0.079080
HGT2381771.wav	0.092360
HGT2383708.wav	0.109886
HGT2384401.wav	0.864925
HGT2384719.wav	0.093688
HGT2388141.wav	0.114108
HGT2394006.wav	0.862064
HGT2400067.wav	0.090938
HGT2406391.wav	0.864175
HGT2406504.wav	0.092752
HGT2419574.wav	0.138193
HGT2421658.wav	0.083193
HGT2422776.wav	0.125393
HGT2431857.wav	0.096272
HGT2432375.wav	0.864387
HGT2432725.wav	0.076491
HGT2433241.wav	0.109755
HGT2435062.wav	0.094456
HGT2447677.wav	0.835318
HGT2448531.wav	0.079339
HGT2453521.wav	0.863890
HGT2454060.wav	0.074674
HGT2467222.wav	0.070225
HGT2472650.wav	0.078394
HGT2474768.wav	0.086933
HGT2475123.wav	0.121690
HGT2477876.wav	0.077341
HGT2480827.wav	0.866513
HGT2484611.wav	0.071794
HGT2487533.wav	0.118321
HGT2493361.wav	0.103197
HGT2520934.wav	0.864439
HGT2522587.wav	0.078617
HGT2524532.wav	0.095307
HGT2530228.wav	0.095835
HGT2537166.wav	0.869439
HGT2538335.wav	0.864170
HGT2546033.wav	0.087914
HGT2547188.wav	0.100930
HGT2554064.wav	0.097967
HGT2559881.wav	0.078702
HGT2560900.wav	0.080656
HGT2561031.wav	0.863994
HGT2563556.wav	0.065523
HGT2570783.wav	0.074697
HGT2595488.wav	0.092915
HGT2597337.wav	0.161843
HGT2599269.wav	0.864526
HGT2607768.wav	0.115283
HGT2608474.wav	0.105631
HGT2617942.wav	0.084226
HGT2619354.wav	0.261145
HGT2625598.wav	0.312162
HGT2628500.wav	0.169606
HGT2629569.wav	0.864760
HGT2643796.wav	0.097305
HGT2645595.wav	0.864916
HGT2649960.wav	0.864047
HGT2662010.wav	0.084276
HGT2666920.wav	0.104021
HGT2672815.wav	0.077569
HGT2678552.wav	0.086034
HGT2683246.wav	0.065665
HGT2685810.wav	0.117116
HGT2695286.wav	0.097505
HGT2697196.wav	0.107219
HGT2697551.wav	0.095283
HGT2698177.wav	0.863767
HGT2700746.wav	0.864210
HGT2709416.wav	0.077370
HGT2713032.wav	0.074936
HGT2713461.wav	0.864429
HGT2717464.wav	0.080486
HGT2722180.wav	0.138040
HGT2727000.wav	0.864459
HGT2733882.wav	0.102090
HGT2741683.wav	0.103304
HGT2751250.wav	0.094113
HGT2756311.wav	0.083970
HGT2759591.wav	0.091243
HGT2763612.wav	0.812235
HGT2774455.wav	0.330884
HGT2784205.wav	0.111650
HGT2790711.wav	0.069903
HGT2797499.wav	0.090487
HGT2801321.wav	0.083246
HGT2804107.wav	0.088158
HGT2815331.wav	0.863930
HGT2816091.wav	0.108581
HGT2816769.wav	0.094837
HGT2818196.wav	0.099365
HGT2821596.wav	0.864699
HGT2821641.wav	0.101614
HGT2822208.wav	0.863801
HGT2826806.wav	0.146245
HGT2831389.wav	0.099571
HGT2831586.wav	0.864733
HGT2832248.wav	0.087594
HGT2832662.wav	0.863993
HGT2857443.wav	0.074248
HGT2859897.wav	0.865214
HGT2869679.wav	0.866393
HGT2874120.wav	0.864665
HGT2875918.wav	0.865376
HGT2879231.wav	0.069817
HGT2888075.wav	0.865519
HGT2890759.wav	0.144783
HGT2893119.wav	0.132741
HGT2894056.wav	0.208677
HGT2895064.wav	0.088586
HGT2901484.wav	0.863841
HGT2909707.wav	0.114782
HGT2913243.wav	0.074709
HGT2913661.wav	0.078008
HGT2917440.wav	0.864874
HGT2919329.wav	0.106179
HGT2922383.wav	0.092201
HGT2931686.wav	0.101734
HGT2934417.wav	0.086755
HGT2938565.wav	0.098581
HGT2967007.wav	0.081962
HGT2967499.wav	0.077176
HGT2968999.wav	0.089412
HGT2969513.wav	0.088734
HGT2980282.wav	0.864355
HGT2992520.wav	0.078845
HGT3013254.wav	0.864344
HGT3021678.wav	0.863799
HGT3029132.wav	0.112568
HGT3030733.wav	0.865265
HGT3030755.wav	0.864795
HGT3033618.wav	0.863393
HGT3033778.wav	0.864433
HGT3039850.wav	0.132523
HGT3067486.wav	0.864246
HGT3076633.wav	0.073867
HGT3091031.wav	0.864097
HGT3094895.wav	0.082540
HGT3096416.wav	0.086791
HGT3097532.wav	0.093391
HGT3106794.wav	0.093504
HGT3112716.wav	0.087244
HGT3127535.wav	0.864561
HGT3139745.wav	0.099417
HGT3164705.wav	0.118407
HGT3164708.wav	0.090547
HGT3166664.wav	0.086999
HGT3173553.wav	0.102429
HGT3174759.wav	0.108821
HGT3175336.wav	0.073289
HGT3190357.wav	0.079763
HGT3200163.wav	0.099436
HGT3215619.wav	0.076459
HGT3221765.wav	0.073210
HGT3223298.wav	0.083861
HGT3228439.wav	0.084197
HGT3229000.wav	0.112935
HGT3237868.wav	0.863817
HGT3242656.wav	0.865982
HGT3247160.wav	0.077751
HGT3250490.wav	0.099953
HGT3250894.wav	0.093734
HGT3256737.wav	0.091619
HGT3259751.wav	0.093086
HGT3272448.wav	0.865541
HGT3274858.wav	0.865247
HGT3280112.wav	0.089757
HGT3285300.wav	0.080880
HGT3287723.wav	0.094401
HGT3288017.wav	0.847604
HGT3289837.wav	0.863322
HGT3292985.wav	0.863797
HGT3298714.wav	0.083564
HGT3301710.wav	0.095745
HGT3302899.wav	0.355385
HGT3306177.wav	0.867254
HGT3309260.wav	0.101428
HGT3310822.wav	0.864095
HGT3317712.wav	0.124442
HGT3320569.wav	0.097673
HGT3320598.wav	0.092666
HGT3323717.wav	0.077535
HGT3326864.wav	0.076358
HGT3335005.wav	0.095500
HGT3339275.wav	0.151726
HGT3340512.wav	0.864062
HGT3345202.wav	0.091210
HGT3348440.wav	0.091160
HGT3349156.wav	0.072143
HGT3353604.wav	0.082869
HGT3354961.wav	0.865676
HGT3369322.wav	0.865319
HGT3371163.wav	0.100238
HGT3372684.wav	0.087607
HGT3373813.wav	0.088858
HGT3374547.wav	0.085865
HGT3375597.wav	0.072334
HGT3376773.wav	0.085320
HGT3390618.wav	0.093164
HGT3395997.wav	0.864477
HGT3396617.wav	0.081571
HGT3398149.wav	0.126794
HGT3399345.wav	0.864766
HGT3400811.wav	0.085772
HGT3401179.wav	0.863413
HGT3406210.wav	0.086433
HGT3415309.wav	0.128803
HGT3431070.wav	0.092235
HGT3435878.wav	0.087918
HGT3436377.wav	0.076594
HGT3436990.wav	0.094006
HGT3440925.wav	0.078880
HGT3448291.wav	0.108041
HGT3452853.wav	0.086418
HGT3456740.wav	0.102806
HGT3460757.wav	0.073684
HGT3462269.wav	0.086736
HGT3464604.wav	0.106286
HGT3465719.wav	0.076113
HGT3473690.wav	0.864775
HGT3474552.wav	0.093248
HGT3485288.wav	0.154126
HGT3495411.wav	0.123365
HGT3497240.wav	0.077642
HGT3505457.wav	0.105032
HGT3511925.wav	0.124561
HGT3513862.wav	0.090843
HGT3515050.wav	0.148331
HGT3517257.wav	0.095425
HGT3523466.wav	0.088181
HGT3527498.wav	0.086277
HGT3536828.wav	0.145756
HGT3538704.wav	0.863159
HGT3539248.wav	0.073596
HGT3540221.wav	0.122414
HGT3542635.wav	0.260454
HGT3549618.wav	0.150456
HGT3556002.wav	0.161462
HGT3567473.wav	0.072385
HGT3568523.wav	0.085444
HGT3570254.wav	0.087784
HGT3574016.wav	0.864021
HGT3574449.wav	0.111339
HGT3580682.wav	0.865139
HGT3583747.wav	0.079275
HGT3585075.wav	0.081304
HGT3595947.wav	0.864556
HGT3601206.wav	0.102727
HGT3601434.wav	0.074386
HGT3602245.wav	0.188963
HGT3619375.wav	0.080709
HGT3622838.wav	0.083430
HGT3628577.wav	0.864720
HGT3639227.wav	0.102898
HGT3639555.wav	0.085373
HGT3644352.wav	0.864289
HGT3649716.wav	0.082023
HGT3650432.wav	0.083149
HGT3655907.wav	0.861369
HGT3660877.wav	0.096224
HGT3666340.wav	0.863504
HGT3671537.wav	0.863027
HGT3676324.wav	0.863798
HGT3680176.wav	0.864267
HGT3681951.wav	0.865504
HGT3689856.wav	0.862754
HGT3699071.wav	0.086131
HGT3700505.wav	0.864179
HGT3717430.wav	0.865592
HGT3727101.wav	0.083510
HGT3739624.wav	0.082378
HGT3741126.wav	0.093525
HGT3754448.wav	0.089246
HGT3769581.wav	0.114527
HGT3773815.wav	0.864482
HGT3779558.wav	0.088827
HGT3785108.wav	0.077520
HGT3786252.wav	0.107957
HGT3789962.wav	0.081803
HGT3791121.wav	0.864784
HGT3794042.wav	0.079728
HGT3801545.wav	0.108578
HGT3827512.wav	0.093274
HGT3828372.wav	0.089671
HGT3831178.wav	0.865074
HGT3833182.wav	0.077987
HGT3840503.wav	0.086697
HGT3847607.wav	0.075202
HGT3851391.wav	0.865006
HGT3862933.wav	0.088781
HGT3868400.wav	0.864772
HGT3869491.wav	0.101596
HGT3894755.wav	0.865294
HGT3895213.wav	0.146976
HGT3896897.wav	0.864107
HGT3897605.wav	0.082287
HGT3902823.wav	0.863098
HGT3909724.wav	0.092752
HGT3918531.wav	0.104603
HGT3918668.wav	0.153855
HGT3920114.wav	0.079960
HGT3921664.wav	0.088606
HGT3924178.wav	0.862572
HGT3926564.wav	0.865249
HGT3934388.wav	0.866197
HGT3935546.wav	0.149287
HGT3935773.wav	0.105739
HGT3938174.wav	0.124018
HGT3940137.wav	0.078296
HGT3944432.wav	0.829916
HGT3945429.wav	0.864263
HGT3948897.wav	0.076997
HGT3952318.wav	0.078226
HGT3961437.wav	0.129186
HGT3963360.wav	0.084961
HGT3965278.wav	0.093587
HGT3968573.wav	0.082016
HGT3978436.wav	0.088304
HGT3990093.wav	0.864293
HGT4010201.wav	0.132823
HGT4012147.wav	0.082640
HGT4016281.wav	0.819643
HGT4020142.wav	0.073209
HGT4029463.wav	0.866376
HGT4039790.wav	0.106814
HGT4040880.wav	0.170203
HGT4044236.wav	0.088283
HGT4044574.wav	0.864673
HGT4046518.wav	0.156727
HGT4058078.wav	0.137400
HGT4074442.wav	0.079863
HGT4077974.wav	0.865429
HGT4085840.wav	0.083727
HGT4097542.wav	0.864767
HGT4106364.wav	0.859617
HGT4129229.wav	0.075210
HGT4131824.wav	0.131964
HGT4131961.wav	0.091958
HGT4147435.wav	0.087830
HGT4148745.wav	0.096135
HGT4155107.wav	0.077859
HGT4158194.wav	0.091611
HGT4163607.wav	0.084728
HGT4170217.wav	0.864163
HGT4171323.wav	0.144795
HGT4176172.wav	0.092077
HGT4181851.wav	0.864526
HGT4185740.wav	0.155833
HGT4203596.wav	0.109652
HGT4206281.wav	0.087308
HGT4231091.wav	0.864717
HGT4231199.wav	0.201482
HGT4233725.wav	0.865265
HGT4248704.wav	0.864146
HGT4250461.wav	0.078604
HGT4252904.wav	0.091789
HGT4255081.wav	0.084158
HGT4257395.wav	0.085040
HGT4258168.wav	0.074282
HGT4266838.wav	0.081059
HGT4268991.wav	0.865190
HGT4269838.wav	0.864405
HGT4283671.wav	0.091873
HGT4287529.wav	0.076820
HGT4293166.wav	0.093722
HGT4295385.wav	0.081078
HGT4312678.wav	0.865532
HGT4319705.wav	0.864910
HGT4327131.wav	0.865451
HGT4328305.wav	0.092568
HGT4335113.wav	0.864835
HGT4341885.wav	0.095494
HGT4348227.wav	0.081259
HGT4348472.wav	0.119623
HGT4354504.wav	0.084696
HGT4357248.wav	0.094748
HGT4357493.wav	0.864670
HGT4359888.wav	0.096840
HGT4362272.wav	0.142572
HGT4362653.wav	0.079062
HGT4363154.wav	0.145827
HGT4364179.wav	0.864406
HGT4367861.wav	0.094109
HGT4371552.wav	0.082778
HGT4379986.wav	0.169672
HGT4400672.wav	0.227585
HGT4407954.wav	0.864717
HGT4408157.wav	0.230066
HGT4409573.wav	0.106759
HGT4413089.wav	0.085968
HGT4415806.wav	0.086981
HGT4419348.wav	0.125996
HGT4421891.wav	0.174154
HGT4432318.wav	0.864912
HGT4448273.wav	0.084150
HGT4451778.wav	0.097201
HGT4460785.wav	0.114261
HGT4463452.wav	0.115385
HGT4464728.wav	0.155807
HGT4466130.wav	0.864438
HGT4474318.wav	0.864303
HGT4478417.wav	0.091029
HGT4483727.wav	0.863707
HGT4484291.wav	0.107364
HGT4487676.wav	0.104564
HGT4487870.wav	0.864343
HGT4488908.wav	0.862972
HGT4494130.wav	0.084765
HGT4498658.wav	0.081919
HGT4499292.wav	0.072976
HGT4506219.wav	0.143370
HGT4511855.wav	0.076878
HGT4512960.wav	0.071562
HGT4513428.wav	0.864987
HGT4518964.wav	0.084392
HGT4524699.wav	0.192636
HGT4530910.wav	0.865000
HGT4535789.wav	0.104426
HGT4537869.wav	0.861613
HGT4541609.wav	0.107760
HGT4553818.wav	0.085043
HGT4553884.wav	0.864543
HGT4555614.wav	0.075301
HGT4556684.wav	0.099873
HGT4557285.wav	0.864082
HGT4563698.wav	0.088775
HGT4566173.wav	0.863770
HGT4574419.wav	0.111545
HGT4574883.wav	0.864130
HGT4578181.wav	0.862782
HGT4579554.wav	0.262697
HGT4585781.wav	0.141221
HGT4590974.wav	0.109416
HGT4595880.wav	0.105913
HGT4596913.wav	0.112167
HGT4597413.wav	0.132912
HGT4598677.wav	0.068920
HGT4606053.wav	0.864745
HGT4607022.wav	0.081313
HGT4615242.wav	0.074948
HGT4625957.wav	0.147147
HGT4632734.wav	0.116178
HGT4636511.wav	0.142158
HGT4636951.wav	0.107323
HGT4643493.wav	0.144939
HGT4645192.wav	0.089633
HGT4645786.wav	0.082815
HGT4647967.wav	0.865361
HGT4649376.wav	0.127427
HGT4649413.wav	0.077551
HGT4651135.wav	0.864040
HGT4655641.wav	0.095269
HGT4656671.wav	0.074527
HGT4656765.wav	0.859327
HGT4659604.wav	0.864934
HGT4672904.wav	0.093086
HGT4675933.wav	0.319597
HGT4687432.wav	0.863993
HGT4702315.wav	0.079378
HGT4707439.wav	0.864390
HGT4721208.wav	0.103832
HGT4735523.wav	0.864545
HGT4738385.wav	0.090353
HGT4743947.wav	0.118136
HGT4745539.wav	0.079311
HGT4765971.wav	0.081690
HGT4771487.wav	0.118773
HGT4771665.wav	0.099016
HGT4776942.wav	0.863072
HGT4784241.wav	0.864271
HGT4794545.wav	0.103918
HGT4800563.wav	0.864506
HGT4800785.wav	0.164018
HGT4812121.wav	0.864599
HGT4814755.wav	0.864645
HGT4816609.wav	0.099859
HGT4819347.wav	0.091309
HGT4820233.wav	0.863274
HGT4834440.wav	0.864764
HGT4851866.wav	0.070010
HGT4867237.wav	0.069266
HGT4867727.wav	0.863654
HGT4868291.wav	0.075024
HGT4870550.wav	0.093796
HGT4873730.wav	0.111674
HGT4887373.wav	0.375672
HGT4887584.wav	0.082090
HGT4901221.wav	0.865736
HGT4902913.wav	0.092243
HGT4904384.wav	0.090387
HGT4919648.wav	0.865374
HGT4924916.wav	0.863610
HGT4933078.wav	0.863561
HGT4937526.wav	0.118327
HGT4942239.wav	0.098029
HGT4947161.wav	0.081411
HGT4957705.wav	0.863576
HGT4960704.wav	0.090241
HGT4967205.wav	0.096020
HGT4969164.wav	0.081914
HGT4971506.wav	0.085652
HGT4977676.wav	0.864509
HGT4987103.wav	0.864093
HGT4994399.wav	0.864330
HGT4994492.wav	0.855024
HGT4996299.wav	0.863822
HGT5003009.wav	0.082301
HGT5008315.wav	0.863543
HGT5011109.wav	0.073769
HGT5014685.wav	0.070555
HGT5022413.wav	0.866005
HGT5023814.wav	0.094142
HGT5025032.wav	0.071490
HGT5030501.wav	0.863942
HGT5031997.wav	0.864503
HGT5055249.wav	0.111988
HGT5056851.wav	0.858344
HGT5061448.wav	0.864099
HGT5061911.wav	0.074049
HGT5062221.wav	0.110180
HGT5062497.wav	0.085509
HGT5066834.wav	0.158172
HGT5072908.wav	0.157793
HGT5072930.wav	0.863327
HGT5096030.wav	0.114491
HGT5097841.wav	0.069942
HGT5098730.wav	0.073270
HGT5107418.wav	0.317936
HGT5112344.wav	0.071041
HGT5119794.wav	0.085607
HGT5142074.wav	0.865885
HGT5143808.wav	0.074768
HGT5144999.wav	0.079283
HGT5149912.wav	0.073364
HGT5152227.wav	0.067906
HGT5152684.wav	0.072733
HGT5152715.wav	0.066922
HGT5155355.wav	0.081489
HGT5155531.wav	0.156267
HGT5155662.wav	0.135008
HGT5160416.wav	0.096291
HGT5161368.wav	0.111599
HGT5168320.wav	0.095797
HGT5171077.wav	0.130011
HGT5172649.wav	0.863999
HGT5185699.wav	0.076638
HGT5188122.wav	0.085241
HGT5189872.wav	0.865217
HGT5192775.wav	0.078778
HGT5193538.wav	0.207509
HGT5200869.wav	0.090423
HGT5216934.wav	0.864047
HGT5219218.wav	0.089783
HGT5222849.wav	0.864472
HGT5224261.wav	0.075939
HGT5226528.wav	0.863312
HGT5235139.wav	0.081077
HGT5235981.wav	0.096973
HGT5239822.wav	0.223216
HGT5259499.wav	0.100835
HGT5269662.wav	0.106759
HGT5272056.wav	0.790647
HGT5273165.wav	0.852268
HGT5274322.wav	0.865074
HGT5277934.wav	0.077576
HGT5279554.wav	0.070984
HGT5286072.wav	0.091347
HGT5290584.wav	0.078196
HGT5295483.wav	0.116219
HGT5299505.wav	0.864579
HGT5324860.wav	0.865157
HGT5329940.wav	0.089321
HGT5331462.wav	0.075669
HGT5348190.wav	0.863853
HGT5348464.wav	0.102062
HGT5349219.wav	0.093280
HGT5360617.wav	0.864615
HGT5367005.wav	0.079340
HGT5367691.wav	0.088741
HGT5380576.wav	0.126417
HGT5382338.wav	0.092182
HGT5383791.wav	0.078666
HGT5388032.wav	0.084989
HGT5394218.wav	0.090397
HGT5400028.wav	0.062741
HGT5401654.wav	0.088065
HGT5413403.wav	0.110087
HGT5413889.wav	0.080661
HGT5415636.wav	0.089554
HGT5417090.wav	0.125154
HGT5419490.wav	0.086736
HGT5428111.wav	0.115878
HGT5445984.wav	0.082744
HGT5450720.wav	0.863837
HGT5452004.wav	0.090569
HGT5455149.wav	0.101793
HGT5457182.wav	0.073708
HGT5457671.wav	0.142285
HGT5458405.wav	0.236188
HGT5462084.wav	0.082202
HGT5472158.wav	0.079043
HGT5477822.wav	0.860751
HGT5486117.wav	0.076769
HGT5487480.wav	0.097132
HGT5501911.wav	0.083708
HGT5505800.wav	0.124625
HGT5506871.wav	0.202528
HGT5507636.wav	0.083589
HGT5510046.wav	0.084140
HGT5525423.wav	0.864544
HGT5554447.wav	0.080877
HGT5554698.wav	0.094029
HGT5566719.wav	0.863835
HGT5572960.wav	0.864040
HGT5577536.wav	0.096756
HGT5578806.wav	0.110184
HGT5596316.wav	0.094549
HGT5597873.wav	0.825059
HGT5606038.wav	0.094296
HGT5618928.wav	0.086576
HGT5619842.wav	0.105610
HGT5619882.wav	0.856920
HGT5620966.wav	0.083450
HGT5629035.wav	0.863921
HGT5635220.wav	0.113671
HGT5642902.wav	0.078543
HGT5644915.wav	0.089527
HGT5648546.wav	0.079423
HGT5668263.wav	0.100198
HGT5672429.wav	0.088433
HGT5678702.wav	0.078117
HGT5688537.wav	0.863226
HGT5699970.wav	0.091850
HGT5703626.wav	0.079023
HGT5706382.wav	0.083977
HGT5709534.wav	0.132613
HGT5719836.wav	0.141192
HGT5735396.wav	0.069190
HGT5755829.wav	0.863334
HGT5758569.wav	0.083073
HGT5762016.wav	0.127835
HGT5763460.wav	0.865576
HGT5770091.wav	0.080343
HGT5773238.wav	0.862206
HGT5775471.wav	0.864370
HGT5783528.wav	0.188794
HGT5798234.wav	0.079824
HGT5805205.wav	0.863954
HGT5809698.wav	0.091889
HGT5812704.wav	0.068609
HGT5817671.wav	0.118936
HGT5819780.wav	0.864174
HGT5823944.wav	0.072346
HGT5824885.wav	0.081830
HGT5838555.wav	0.864796
HGT5846415.wav	0.864274
HGT5848636.wav	0.085744
HGT5858138.wav	0.864385
HGT5860519.wav	0.864120
HGT5861689.wav	0.087325
HGT5864950.wav	0.865136
HGT5868850.wav	0.079267
HGT5878611.wav	0.072100
HGT5882557.wav	0.074533
HGT5885104.wav	0.110388
HGT5891634.wav	0.076363
HGT5894080.wav	0.130316
HGT5895558.wav	0.084016
HGT5896621.wav	0.863990
HGT5897706.wav	0.864244
HGT5900125.wav	0.863871
HGT5905113.wav	0.088966
HGT5906443.wav	0.079122
HGT5906676.wav	0.864335
HGT5906936.wav	0.088754
HGT5934010.wav	0.856411
HGT5936025.wav	0.074850
HGT5937107.wav	0.122683
HGT5950564.wav	0.467090
HGT5954057.wav	0.113487
HGT5958709.wav	0.865303
HGT5966651.wav	0.864729
HGT5967225.wav	0.864271
HGT5969357.wav	0.863323
HGT5973204.wav	0.112352
HGT5976205.wav	0.127457
HGT5977525.wav	0.097074
HGT5984706.wav	0.105474
HGT5990446.wav	0.088631
HGT5991352.wav	0.095920
HGT5999972.wav	0.081040
HGT6011857.wav	0.097346
HGT6018967.wav	0.142443
HGT6021230.wav	0.863409
HGT6031984.wav	0.100706
HGT6033210.wav	0.085214
HGT6042262.wav	0.865750
HGT6065251.wav	0.089212
HGT6067802.wav	0.068771
HGT6077853.wav	0.101452
HGT6078216.wav	0.108554
HGT6079573.wav	0.861158
HGT6082552.wav	0.131336
HGT6083371.wav	0.865692
HGT6086844.wav	0.108749
HGT6089463.wav	0.864689
HGT6091112.wav	0.125984
HGT6098966.wav	0.097955
HGT6108672.wav	0.863921
HGT6110038.wav	0.115853
HGT6113776.wav	0.863826
HGT6115166.wav	0.863717
HGT6124552.wav	0.108524
HGT6129672.wav	0.864725
HGT6144802.wav	0.865098
HGT6154091.wav	0.087164
HGT6155076.wav	0.097679
HGT6157747.wav	0.864883
HGT6157969.wav	0.092004
HGT6170381.wav	0.074966
HGT6176814.wav	0.081947
HGT6177691.wav	0.092031
HGT6185339.wav	0.165259
HGT6188012.wav	0.083906
HGT6193876.wav	0.865258
HGT6197330.wav	0.123114
HGT6204897.wav	0.117736
HGT6210591.wav	0.070269
HGT6221489.wav	0.120657
HGT6221562.wav	0.076620
HGT6229223.wav	0.110336
HGT6235320.wav	0.117625
HGT6238106.wav	0.076372
HGT6244711.wav	0.083222
HGT6248777.wav	0.864386
HGT6249570.wav	0.083408
HGT6257695.wav	0.080816
HGT6267090.wav	0.082910
HGT6275367.wav	0.080603
HGT6279504.wav	0.097276
HGT6283709.wav	0.864616
HGT6294540.wav	0.100213
HGT6305976.wav	0.082607
HGT6306273.wav	0.104036
HGT6306881.wav	0.076641
HGT6310473.wav	0.864581
HGT6310576.wav	0.865194
HGT6323737.wav	0.082265
HGT6328440.wav	0.121261
HGT6342991.wav	0.865056
HGT6343394.wav	0.086485
HGT6360064.wav	0.093679
HGT6363382.wav	0.864292
HGT6364214.wav	0.864597
HGT6378727.wav	0.092207
HGT6384183.wav	0.336229
HGT6387921.wav	0.099093
HGT6391541.wav	0.112496
HGT6398258.wav	0.115490
HGT6398432.wav	0.869296
HGT6412795.wav	0.070725
HGT6419286.wav	0.864015
HGT6436956.wav	0.077022
HGT6438104.wav	0.082704
HGT6444648.wav	0.098037
HGT6446738.wav	0.865271
HGT6451177.wav	0.087930
HGT6454709.wav	0.864217
HGT6461337.wav	0.067127
HGT6463798.wav	0.114280
HGT6467893.wav	0.072441
HGT6468475.wav	0.865286
HGT6475297.wav	0.084670
HGT6476180.wav	0.079375
HGT6485034.wav	0.865887
HGT6490768.wav	0.117433
HGT6491628.wav	0.089359
HGT6491882.wav	0.109519
HGT6492180.wav	0.076618
HGT6502865.wav	0.093807
HGT6502974.wav	0.093170
HGT6506318.wav	0.086014
HGT6510332.wav	0.104792
HGT6512664.wav	0.070255
HGT6516387.wav	0.081905
HGT6521356.wav	0.068547
HGT6523311.wav	0.082398
HGT6557480.wav	0.863650
HGT6558365.wav	0.863158
HGT6569943.wav	0.865355
HGT6578134.wav	0.863516
HGT6583567.wav	0.096582
HGT6584628.wav	0.090006
HGT6585228.wav	0.088922
HGT6595483.wav	0.792933
HGT6604385.wav	0.084916
HGT6605390.wav	0.129723
HGT6606284.wav	0.191187
HGT6610383.wav	0.134023
HGT6613119.wav	0.864177
HGT6620768.wav	0.082504
HGT6624314.wav	0.094849
HGT6635409.wav	0.091688
HGT6637430.wav	0.796573
HGT6640705.wav	0.864927
HGT6651515.wav	0.103767
HGT6651744.wav	0.865505
HGT6670327.wav	0.095498
HGT6676871.wav	0.115088
HGT6686872.wav	0.092948
HGT6686958.wav	0.076257
HGT6687887.wav	0.114188
HGT6697637.wav	0.084112
HGT6698535.wav	0.082312
HGT6711303.wav	0.865339
HGT6725284.wav	0.073398
HGT6727201.wav	0.091080
HGT6748267.wav	0.102616
HGT6763740.wav	0.081692
HGT6765414.wav	0.864160
HGT6766831.wav	0.087678
HGT6773317.wav	0.097405
HGT6779702.wav	0.082806
HGT6780397.wav	0.076493
HGT6785919.wav	0.098611
HGT6790865.wav	0.864482
HGT6798296.wav	0.102166
HGT6804139.wav	0.864251
HGT6819591.wav	0.864979
HGT6832718.wav	0.103494
HGT6833559.wav	0.194250
HGT6835300.wav	0.864335
HGT6842306.wav	0.129231
HGT6843266.wav	0.150869
HGT6858462.wav	0.864484
HGT6868113.wav	0.091351
HGT6869941.wav	0.084885
HGT6871563.wav	0.101092
HGT6884008.wav	0.865410
HGT6894247.wav	0.163882
HGT6908742.wav	0.843303
HGT6912838.wav	0.071227
HGT6917321.wav	0.084345
HGT6917840.wav	0.090986
HGT6920025.wav	0.083817
HGT6921450.wav	0.139093
HGT6925781.wav	0.084822
HGT6933227.wav	0.068104
HGT6944085.wav	0.106776
HGT6952576.wav	0.116944
HGT6962074.wav	0.113217
HGT6962233.wav	0.092160
HGT6964376.wav	0.095012
HGT6974328.wav	0.864808
HGT6979443.wav	0.863397
HGT6985090.wav	0.076449
HGT6988916.wav	0.090415
HGT7000911.wav	0.087577
HGT7010879.wav	0.853856
HGT7011552.wav	0.075237
HGT7014008.wav	0.864905
HGT7014272.wav	0.112861
HGT7019558.wav	0.076805
HGT7020861.wav	0.180490
HGT7025364.wav	0.090854
HGT7030347.wav	0.086593
HGT7048059.wav	0.092316
HGT7051739.wav	0.124255
HGT7054178.wav	0.085620
HGT7055191.wav	0.856034
HGT7055883.wav	0.079611
HGT7056492.wav	0.078593
HGT7070170.wav	0.070624
HGT7074071.wav	0.865139
HGT7090973.wav	0.164365
HGT7094439.wav	0.095136
HGT7095045.wav	0.237165
HGT7098716.wav	0.865521
HGT7101683.wav	0.864717
HGT7102198.wav	0.865487
HGT7102508.wav	0.864352
HGT7104577.wav	0.084727
HGT7104652.wav	0.081881
HGT7110667.wav	0.865276
HGT7111769.wav	0.864160
HGT7117871.wav	0.083929
HGT7123206.wav	0.072186
HGT7125999.wav	0.090415
HGT7137099.wav	0.076855
HGT7141313.wav	0.864686
HGT7150042.wav	0.088116
HGT7155218.wav	0.088427
HGT7163949.wav	0.103738
HGT7170472.wav	0.086201
HGT7170950.wav	0.074345
HGT7178469.wav	0.086477
HGT7181929.wav	0.864000
HGT7183984.wav	0.079827
HGT7186919.wav	0.085336
HGT7187914.wav	0.091963
HGT7197873.wav	0.865063
HGT7202220.wav	0.079342
HGT7203002.wav	0.863090
HGT7207048.wav	0.116810
HGT7211696.wav	0.265818
HGT7220788.wav	0.082252
HGT7221911.wav	0.863917
HGT7226415.wav	0.105554
HGT7235146.wav	0.077700
HGT7238980.wav	0.194187
HGT7240110.wav	0.139780
HGT7244504.wav	0.102558
HGT7244530.wav	0.115268
HGT7244590.wav	0.144021
HGT7255830.wav	0.865293
HGT7258027.wav	0.073636
HGT7259963.wav	0.089893
HGT7274608.wav	0.105197
HGT7274827.wav	0.074404
HGT7278640.wav	0.865042
HGT7292081.wav	0.864538
HGT7294946.wav	0.158687
HGT7295430.wav	0.865159
HGT7295984.wav	0.071323
HGT7296365.wav	0.104815
HGT7317804.wav	0.099184
HGT7323816.wav	0.084176
HGT7324056.wav	0.105076
HGT7346462.wav	0.079975
HGT7353263.wav	0.076034
HGT7356729.wav	0.439214
HGT7370804.wav	0.082763
HGT7380727.wav	0.110239
HGT7391582.wav	0.864332
HGT7391691.wav	0.123914
HGT7400775.wav	0.095643
HGT7411727.wav	0.864520
HGT7418029.wav	0.125440
HGT7431985.wav	0.070835
HGT7432009.wav	0.077346
HGT7436561.wav	0.843478
HGT7436904.wav	0.864787
HGT7449847.wav	0.094786
HGT7457101.wav	0.864857
HGT7467823.wav	0.083598
HGT7468512.wav	0.137244
HGT7472068.wav	0.094529
HGT7476370.wav	0.074099
HGT7479697.wav	0.096381
HGT7483911.wav	0.865417
HGT7493551.wav	0.863898
HGT7505991.wav	0.083723
HGT7518343.wav	0.082515
HGT7522695.wav	0.107453
HGT7529963.wav	0.091738
HGT7537657.wav	0.864025
HGT7541524.wav	0.863432
HGT7550920.wav	0.084124
HGT7554690.wav	0.095268
HGT7562050.wav	0.865801
HGT7563849.wav	0.864540
HGT7567900.wav	0.126860
HGT7572974.wav	0.087953
HGT7574738.wav	0.864436
HGT7593601.wav	0.132830
HGT7597869.wav	0.862520
HGT7605144.wav	0.075835
HGT7605885.wav	0.109202
HGT7608466.wav	0.087509
HGT7609375.wav	0.864682
HGT7616727.wav	0.864748
HGT7633696.wav	0.614283
HGT7633929.wav	0.100313
HGT7643219.wav	0.069524
HGT7652346.wav	0.864594
HGT7655025.wav	0.091446
HGT7656790.wav	0.086623
HGT7657012.wav	0.088986
HGT7668985.wav	0.134102
HGT7673904.wav	0.864380
HGT7677830.wav	0.864111
HGT7695449.wav	0.863639
HGT7702803.wav	0.079875
HGT7703122.wav	0.157229
HGT7704170.wav	0.083958
HGT7707828.wav	0.110213
HGT7708811.wav	0.080035
HGT7709527.wav	0.864295
HGT7714321.wav	0.080882
HGT7719981.wav	0.085370
HGT7732196.wav	0.864522
HGT7735831.wav	0.097475
HGT7760020.wav	0.079372
HGT7761686.wav	0.817345
HGT7764509.wav	0.865888
HGT7773771.wav	0.115634
HGT7776733.wav	0.087481
HGT7783010.wav	0.089736
HGT7783037.wav	0.067464
HGT7784059.wav	0.089474
HGT7793376.wav	0.129055
HGT7797264.wav	0.808272
HGT7800347.wav	0.089191
HGT7804553.wav	0.165285
HGT7813145.wav	0.863926
HGT7824018.wav	0.864939
HGT7831340.wav	0.076731
HGT7848297.wav	0.076999
HGT7854533.wav	0.086036
HGT7867243.wav	0.488361
HGT7874121.wav	0.105282
HGT7881286.wav	0.076959
HGT7882366.wav	0.072918
HGT7888082.wav	0.100083
HGT7893209.wav	0.808916
HGT7894735.wav	0.085020
HGT7900363.wav	0.083566
HGT7902806.wav	0.076006
HGT7905217.wav	0.096275
HGT7905880.wav	0.079078
HGT7911884.wav	0.085899
HGT7923136.wav	0.065604
HGT7940784.wav	0.187922
HGT7952678.wav	0.124545
HGT7954747.wav	0.087587
HGT7957419.wav	0.153124
HGT7958536.wav	0.072762
HGT7959043.wav	0.077892
HGT7973598.wav	0.083643
HGT7974840.wav	0.082638
HGT7979805.wav	0.091899
HGT7995307.wav	0.865596
HGT7997224.wav	0.080632
HGT7997604.wav	0.086288
HGT7998282.wav	0.083053
HGT8001959.wav	0.863850
HGT8004506.wav	0.078232
HGT8004864.wav	0.107840
HGT8033305.wav	0.862751
HGT8042462.wav	0.261220
HGT8047799.wav	0.806269
HGT8057223.wav	0.081353
HGT8057320.wav	0.864071
HGT8057663.wav	0.075745
HGT8078735.wav	0.081862
HGT8080749.wav	0.865070
HGT8081178.wav	0.082050
HGT8081972.wav	0.090889
HGT8088693.wav	0.096711
HGT8097577.wav	0.088156
HGT8105093.wav	0.114175
HGT8106164.wav	0.085356
HGT8107144.wav	0.842221
HGT8119936.wav	0.098453
HGT8121843.wav	0.081704
HGT8131128.wav	0.099969
HGT8133737.wav	0.084875
HGT8134280.wav	0.095923
HGT8140215.wav	0.863147
HGT8150911.wav	0.106557
HGT8171018.wav	0.862761
HGT8172521.wav	0.863721
HGT8179310.wav	0.864818
HGT8180390.wav	0.086550
HGT8181058.wav	0.864887
HGT8184380.wav	0.076219
HGT8187417.wav	0.093724
HGT8192440.wav	0.864712
HGT8195307.wav	0.097160
HGT8200165.wav	0.099720
HGT8210796.wav	0.089045
HGT8225119.wav	0.165979
HGT8229545.wav	0.864851
HGT8233754.wav	0.305813
HGT8235069.wav	0.107004
HGT8241380.wav	0.092008
HGT8245988.wav	0.094018
HGT8247249.wav	0.087031
HGT8251715.wav	0.074520
HGT8251996.wav	0.083221
HGT8266488.wav	0.079940
HGT8274343.wav	0.083888
HGT8277441.wav	0.092601
HGT8287766.wav	0.176694
HGT8308987.wav	0.087811
HGT8318511.wav	0.079228
HGT8327973.wav	0.864862
HGT8328419.wav	0.077249
HGT8336250.wav	0.111707
HGT8340643.wav	0.118335
HGT8342679.wav	0.089805
HGT8343814.wav	0.094925
HGT8345105.wav	0.078520
HGT8360436.wav	0.078029
HGT8366568.wav	0.864249
HGT8367719.wav	0.080120
HGT8394391.wav	0.865245
HGT8398614.wav	0.099457
HGT8399343.wav	0.864652
HGT8400409.wav	0.864738
HGT8402133.wav	0.864482
HGT8421917.wav	0.086102
HGT8423680.wav	0.145118
HGT8424839.wav	0.088206
HGT8426268.wav	0.096567
HGT8430622.wav	0.081556
HGT8431737.wav	0.863224
HGT8432577.wav	0.086650
HGT8439527.wav	0.146136
HGT8451350.wav	0.099337
HGT8460571.wav	0.077409
HGT8460585.wav	0.864641
HGT8460872.wav	0.087589
HGT8465485.wav	0.093746
HGT8471434.wav	0.072011
HGT8477249.wav	0.086001
HGT8479833.wav	0.863641
HGT8481251.wav	0.084765
HGT8483579.wav	0.093966
HGT8492748.wav	0.865887
HGT8512650.wav	0.079290
HGT8513824.wav	0.863387
HGT8527879.wav	0.093945
HGT8530369.wav	0.145472
HGT8533615.wav	0.133966
HGT8535477.wav	0.080557
HGT8535596.wav	0.094822
HGT8543580.wav	0.084500
HGT8544897.wav	0.110639
HGT8549583.wav	0.074591
HGT8552242.wav	0.865095
HGT8552553.wav	0.519922
HGT8553710.wav	0.138917
HGT8554042.wav	0.862725
HGT8560592.wav	0.863630
HGT8561212.wav	0.865530
HGT8561581.wav	0.107187
HGT8566724.wav	0.111335
HGT8567981.wav	0.146191
HGT8576868.wav	0.071642
HGT8585361.wav	0.080296
HGT8585653.wav	0.105203
HGT8588733.wav	0.863797
HGT8600778.wav	0.187069
HGT8610007.wav	0.865480
HGT8624781.wav	0.121799
HGT8628182.wav	0.095015
HGT8633161.wav	0.864698
HGT8647737.wav	0.853316
HGT8649435.wav	0.864144
HGT8652637.wav	0.099129
HGT8663245.wav	0.097591
HGT8666984.wav	0.863047
HGT8667196.wav	0.082911
HGT8673879.wav	0.102978
HGT8674537.wav	0.073207
HGT8701426.wav	0.073466
HGT8707294.wav	0.215635
HGT8717585.wav	0.864599
HGT8722444.wav	0.088415
HGT8727203.wav	0.128194
HGT8738073.wav	0.095502
HGT8739703.wav	0.074108
HGT8745784.wav	0.864390
HGT8748094.wav	0.083241
HGT8772819.wav	0.862426
HGT8772901.wav	0.095311
HGT8773288.wav	0.864672
HGT8780886.wav	0.094943
HGT8790947.wav	0.081182
HGT8792062.wav	0.083368
HGT8794601.wav	0.072171
HGT8797058.wav	0.131957
HGT8806667.wav	0.088841
HGT8818760.wav	0.091089
HGT8825010.wav	0.167716
HGT8831452.wav	0.079620
HGT8841527.wav	0.084274
HGT8846118.wav	0.108825
HGT8847452.wav	0.863922
HGT8850094.wav	0.086383
HGT8852055.wav	0.863987
HGT8852670.wav	0.107076
HGT8854523.wav	0.863609
HGT8860621.wav	0.082506
HGT8862972.wav	0.097496
HGT8870775.wav	0.095813
HGT8871709.wav	0.075361
HGT8872629.wav	0.145646
HGT8876052.wav	0.114999
HGT8878334.wav	0.076060
HGT8882459.wav	0.118790
HGT8885009.wav	0.864660
HGT8894852.wav	0.091777
HGT8899620.wav	0.864362
HGT8901873.wav	0.091709
HGT8905285.wav	0.099790
HGT8911023.wav	0.123960
HGT8915986.wav	0.092502
HGT8928439.wav	0.200755
HGT8929420.wav	0.080968
HGT8931161.wav	0.864256
HGT8935908.wav	0.077660
HGT8938157.wav	0.073051
HGT8947090.wav	0.127446
HGT8950283.wav	0.073122
HGT8956278.wav	0.075059
HGT8956413.wav	0.864724
HGT8960478.wav	0.864103
HGT8963777.wav	0.864822
HGT8969473.wav	0.069666
HGT8977595.wav	0.865027
HGT8981582.wav	0.864327
HGT8982069.wav	0.106982
HGT8989753.wav	0.081117
HGT9001103.wav	0.088919
HGT9004438.wav	0.103838
HGT9009429.wav	0.082923
HGT9019436.wav	0.864710
HGT9023302.wav	0.096512
HGT9023400.wav	0.864986
HGT9030750.wav	0.070448
HGT9030862.wav	0.865211
HGT9032390.wav	0.094335
HGT9033474.wav	0.091872
HGT9035898.wav	0.079404
HGT9037106.wav	0.081478
HGT9038980.wav	0.125453
HGT9040162.wav	0.091592
HGT9042146.wav	0.105303
HGT9044634.wav	0.081248
HGT9055480.wav	0.122591
HGT9057189.wav	0.862611
HGT9065815.wav	0.103975
HGT9073944.wav	0.077703
HGT9076806.wav	0.097952
HGT9081224.wav	0.864817
HGT9103685.wav	0.103269
HGT9109273.wav	0.863468
HGT9111665.wav	0.865420
HGT9112410.wav	0.100878
HGT9126800.wav	0.817828
HGT9127030.wav	0.183963
HGT9127376.wav	0.219390
HGT9138238.wav	0.103165
HGT9143898.wav	0.112226
HGT9149217.wav	0.079580
HGT9156338.wav	0.067289
HGT9160883.wav	0.085558
HGT9183019.wav	0.864096
HGT9186049.wav	0.128406
HGT9197601.wav	0.098904
HGT9199049.wav	0.864878
HGT9203471.wav	0.071545
HGT9208103.wav	0.085622
HGT9208667.wav	0.096433
HGT9210945.wav	0.864138
HGT9211087.wav	0.864962
HGT9216376.wav	0.089629
HGT9220523.wav	0.094609
HGT9236379.wav	0.284601
HGT9245952.wav	0.220990
HGT9248942.wav	0.109938
HGT9256093.wav	0.078526
HGT9261905.wav	0.864872
HGT9266473.wav	0.863992
HGT9266759.wav	0.118763
HGT9277287.wav	0.864021
HGT9281737.wav	0.108058
HGT9289676.wav	0.101228
HGT9292356.wav	0.075060
HGT9296609.wav	0.113048
HGT9307838.wav	0.103664
HGT9312370.wav	0.088495
HGT9317398.wav	0.077002
HGT9328360.wav	0.081258
HGT9338725.wav	0.865814
HGT9340083.wav	0.071411
HGT9356407.wav	0.112168
HGT9356813.wav	0.860490
HGT9359191.wav	0.145688
HGT9368180.wav	0.863992
HGT9371099.wav	0.155666
HGT9371548.wav	0.077309
HGT9372834.wav	0.109960
HGT9386027.wav	0.864422
HGT9388435.wav	0.085820
HGT9400516.wav	0.082371
HGT9408781.wav	0.080198
HGT9413823.wav	0.853808
HGT9417641.wav	0.815896
HGT9426900.wav	0.129675
HGT9428153.wav	0.106845
HGT9434717.wav	0.864359
HGT9449638.wav	0.115382
HGT9461922.wav	0.863827
HGT9468550.wav	0.864110
HGT9474656.wav	0.085962
HGT9474676.wav	0.072967
HGT9476049.wav	0.864039
HGT9478873.wav	0.866467
HGT9480218.wav	0.078800
HGT9483055.wav	0.099306
HGT9483530.wav	0.087841
HGT9488292.wav	0.865114
HGT9492488.wav	0.124384
HGT9494308.wav	0.114071
HGT9505444.wav	0.864337
HGT9514111.wav	0.084000
HGT9525773.wav	0.864362
HGT9526322.wav	0.072240
HGT9533336.wav	0.086077
HGT9544660.wav	0.088947
HGT9549589.wav	0.866288
HGT9550181.wav	0.864917
HGT9555733.wav	0.077522
HGT9557503.wav	0.863660
HGT9564588.wav	0.083683
HGT9571159.wav	0.864390
HGT9581117.wav	0.089396
HGT9597371.wav	0.098009
HGT9600442.wav	0.096116
HGT9603506.wav	0.096333
HGT9627789.wav	0.235573
HGT9631485.wav	0.088260
HGT9633216.wav	0.865384
HGT9637448.wav	0.864239
HGT9638734.wav	0.091032
HGT9641757.wav	0.072994
HGT9642441.wav	0.094660
HGT9643725.wav	0.108612
HGT9643744.wav	0.864158
HGT9644138.wav	0.079809
HGT9679416.wav	0.099141
HGT9685045.wav	0.088648
HGT9685140.wav	0.862104
HGT9687291.wav	0.105092
HGT9688502.wav	0.082493
HGT9689193.wav	0.865269
HGT9692474.wav	0.085337
HGT9701265.wav	0.864588
HGT9708936.wav	0.098449
HGT9723597.wav	0.864314
HGT9725958.wav	0.091358
HGT9735043.wav	0.865281
HGT9744642.wav	0.091155
HGT9746640.wav	0.075196
HGT9747294.wav	0.126038
HGT9752634.wav	0.866084
HGT9755967.wav	0.863929
HGT9761711.wav	0.080583
HGT9762572.wav	0.075266
HGT9772169.wav	0.131262
HGT9778461.wav	0.864629
HGT9779062.wav	0.864627
HGT9779674.wav	0.070235
HGT9783326.wav	0.136490
HGT9785172.wav	0.109367
HGT9788612.wav	0.095686
HGT9793677.wav	0.074121
HGT9795934.wav	0.071533
HGT9797126.wav	0.866670
HGT9800079.wav	0.864524
HGT9808356.wav	0.103475
HGT9810981.wav	0.113186
HGT9811947.wav	0.864677
HGT9817370.wav	0.172938
HGT9817909.wav	0.077531
HGT9821933.wav	0.865018
HGT9823056.wav	0.106950
HGT9825775.wav	0.076959
HGT9829245.wav	0.864911
HGT9832253.wav	0.864595
HGT9833084.wav	0.864278
HGT9835860.wav	0.084642
HGT9837023.wav	0.099455
HGT9837636.wav	0.091470
HGT9845339.wav	0.108123
HGT9845937.wav	0.095272
HGT9853745.wav	0.080784
HGT9856339.wav	0.080909
HGT9882378.wav	0.075397
HGT9883635.wav	0.866813
HGT9896823.wav	0.864328
HGT9901306.wav	0.083940
HGT9904505.wav	0.863258
HGT9904926.wav	0.146234
HGT9906099.wav	0.864306
HGT9915551.wav	0.096282
HGT9922783.wav	0.088094
HGT9924266.wav	0.865055
HGT9928684.wav	0.863667
HGT9932042.wav	0.086397
HGT9942986.wav	0.067792
HGT9951375.wav	0.865141
HGT9952517.wav	0.073183
HGT9953829.wav	0.078114
HGT9955625.wav	0.094300
HGT9969119.wav	0.197706
HGT9971826.wav	0.094341
HGT9984076.wav	0.098599
HGT9984099.wav	0.113347
HGT9985870.wav	0.080455
HGT9988894.wav	0.865264
HGT9991309.wav	0.079048
HGT9998236.wav	0.128794
